url,title
/questions/32178925/how-to-set-up-laravel-5-with-twig-and-translations,How to set up Laravel 5 with Twig and translations?
/questions/32178924/adobe-edge-changing-image-size-while-keeping-scale-at-100,Adobe Edge - changing image size while keeping scale at 100%
/questions/32178923/throws-exception-error-class-java-nio-channels-readpendingexception-not-found,Throws exception: “error: Class java.nio.channels.ReadPendingException not found” when compile jetty project with maven
/questions/32178921/is-synthesized-move-constructor-and-synthesized-assignment-operator-noexcept,Is synthesized move constructor and synthesized assignment operator noexcept?
/questions/32178920/how-to-uninstall-parallels-plesk-and-get-rid-of-its-default-page,How to uninstall Parallels Plesk and get rid of its default page
/questions/32178917/xcode-6-2-to-6-4-update-failed,Xcode 6.2 to 6.4 update failed
/questions/32178916/accordion-navigation-menu-with-fullscreen-overlay-in-jquery,Accordion navigation menu with fullscreen overlay in jquery
/questions/32178910/removing-hiding-min-max-close-buttons-after-runtime,Removing/hiding min/max/close buttons after runtime
/questions/32178908/jenkins-chef-plugin-not-working,Jenkins chef-plugin not working
/questions/32178907/date-field-is-not-getting-null-from-gridview,Date field is not getting null from GridView
/questions/32178906/undo-remove-nodes-operation-in-cytoscape-js,undo remove nodes operation in Cytoscape JS
/questions/32178905/how-to-filter-in-based-on-request-url-in-apache-http-server,How to filter in based on request URL in Apache HTTP server
/questions/32178901/how-to-compare-cell-value-with-textbox-value-in-another-cell-in-same-row-of-html,How to compare cell value with textbox value in another cell in same row of html table
/questions/32178900/disable-connect-sid-in-express-js-api-response,Disable connect.sid in express.js api response
/questions/32178899/creat-css-box-with-bootstrap,Creat Css Box with bootstrap
/questions/32178895/creating-chlid-class-object-in-parent-class,Creating chlid class object in parent class
/questions/32178893/nullpointerexception-when-call-findviewbyid-method-in-onreceive-of-broadcast,NullPointerException when call findViewById() Method in onReceive() of BroadcastReceiver
/questions/32178892/android-api-for-pause-resume-download,Android API for Pause/Resume download
/questions/32178889/output-a-variable-during-vagrant-provision-with-chef-solo,output a variable during vagrant provision with chef solo
/questions/32178887/how-to-set-background-color-for-couple-of-cells-or-range-of-cells-in-spreadsheet,How to set background color for couple of cells or range of cells in spreadsheet using openxml (VB.NET)
/questions/32178886/bash-is-it-possible-to-echo-in-color-output-of-a-command-stored-in-a-variable,Bash is it possible to echo in color output of a command stored in a variable?
/questions/32178884/spring-mvc-hibernate,Spring mvc+ Hibernate
/questions/32178882/regarding-sql-changing-the-table-space,Regarding SQL changing the table space
/questions/32178880/has-the-google-api-url-changed-https-apis-google-com-is-sending-a-404-error,Has the Google API URL changed? https://apis.google.com/ is sending a 404 error
/questions/32178879/hidden-textbox-loose-its-value-while-submitting,Hidden textbox loose its value while submitting
/questions/32178876/configure-html-minification-in-asp-net-mvc,Configure HTML Minification in ASP.NET MVC
/questions/32178872/onactivityresult-not-called-through-2-activites,onActivityResult not called - through 2 activites
/questions/32178866/custom-xml-with-pls-on-list-view,custom XML with .pls on list view
/questions/32178864/way-to-send-iterable-value-as-param-on-map-to-controller-salesforce,way to send iterable value as param on Map to controller salesforce
/questions/32178862/is-there-a-way-to-write-a-code-that-will-input-a-basic-function-inside-the-main,Is there a way to write a code that will input a basic function inside the main program?
/questions/32178858/how-to-divide-product-attributes-table-in-sections-in-magento,how to divide product attributes table in sections in magento
/questions/32178856/how-to-find-the-first-second-third-etc-numbers-of-an-array,"How to find the first, second, third etc numbers of an array"
/questions/32178855/whats-the-best-way-to-save-data-for-the-user-to-access-later,What's the best way to save data for the user to access later?
/questions/32178854/android-api-23-httpclient-4-x-repackaged,Android API 23 - HttpClient 4.X repackaged
/questions/32178853/how-to-add-a-caption-to-a-video-when-sharing-a-video-via-whatsapp-using-intent,How to add a caption to a video when sharing a video via WhatsApp using Intent
/questions/32178847/php-storm-and-svn-problems-with-outdated-files,PHP Storm and SVN problems with outdated files
/questions/32178844/how-sencha-touch-view-files-are-rendered-in-index-html,How Sencha touch view files are rendered in index.html?
/questions/32178839/uikeyboardwillshownotification-not-working-with-static-tableviewcell,UIKeyboardWillShowNotification not working with Static TableViewCell
/questions/32178832/mysql-wont-start-after-setting-galera-cluster,MySQL won't start after setting galera cluster
/questions/32178831/ng-style-function-and-inline-together,ng style function and inline together
/questions/32178830/how-to-autohide-tablayout-in-on-scrollup-scrolldown,How to autohide TabLayout in on Scrollup/Scrolldown
/questions/32178827/wp8-launcher-uris-parameter,WP8 Launcher URIs - Parameter
/questions/32178825/cassandra-overlapping-data-ranges,Cassandra - Overlapping Data Ranges
/questions/32178822/tomcat-understanding-credentialhandler,Tomcat - Understanding CredentialHandler
/questions/32178821/how-to-merge-rows-in-one-using-sql-server-2008,How to merge rows in one using sql server 2008
/questions/32178819/how-to-track-the-current-position-of-a-vehicle-having-gps-installed-using-its-de,How to track the current position of a vehicle having gps installed using its device id
/questions/32178810/how-to-get-windows-tree-from-os-x,How to get windows tree from OS X
/questions/32178809/writing-edited-xml-content-to-another-file-issue-python,writing edited xml content to another file issue - python
/questions/32178808/laravel-5-using-localhost-for-api-call-even-though-im-stating-127-0-0-1,Laravel 5 using 'localhost' for API call even though im stating 127.0.0.1
/questions/32178807/how-to-backup-ssrs-data-driven-subscriptions-without-using-commercial-sw,How to backup SSRS data driven subscriptions without using commercial SW
